{"type":"View","props":{"width":1280,"height":720},"compId":2,"child":[{"type":"Image","props":{"y":0,"x":0,"width":1280,"top":0,"skin":"Lwg/UI/ui_orthogon_orange.png","sizeGrid":"16,13,14,13","right":0,"left":0,"height":720,"bottom":0},"compId":6},{"type":"Image","props":{"width":414,"skin":"Lwg/UI/ui_l_orthogon_yellow.png","sizeGrid":"11,13,20,16","height":178,"centerY":0,"centerX":0},"compId":3,"child":[{"type":"Label","props":{"width":301,"valign":"middle","text":"加载中...","height":97,"fontSize":50,"centerY":0,"centerX":0,"bold":true,"align":"center"},"compId":4}]}],"loadList":["Lwg/UI/ui_orthogon_orange.png","Lwg/UI/ui_l_orthogon_yellow.png"],"loadList3D":[]}