{"type":"View","props":{"width":1280,"height":720},"compId":2,"child":[{"type":"Image","props":{"y":0,"x":0,"width":1280,"var":"Background","skin":"Lwg/UI/ui_orthogon_black_0.7.png","sizeGrid":"13,5,11,9","name":"Background","height":720},"compId":7},{"type":"Label","props":{"y":470,"width":168,"valign":"middle","text":"载入中...","height":61,"fontSize":40,"color":"#ffffff","centerX":0,"align":"center"},"compId":4},{"type":"Image","props":{"y":291,"width":300,"var":"Ani","pivotY":150,"pivotX":150,"name":"Ani","height":300,"centerX":0},"compId":6,"child":[{"type":"Image","props":{"width":265,"skin":"Lwg/UI/ui_orthogon_orange.png","sizeGrid":"15,6,11,10","pivotY":42,"pivotX":133,"height":84,"centerY":0,"centerX":-1},"compId":3}]},{"type":"Label","props":{"y":260.5,"width":168,"var":"Schedule","valign":"middle","text":"0","name":"Schedule","height":61,"fontSize":50,"color":"#ffffff","centerX":0,"align":"center"},"compId":8}],"loadList":["Lwg/UI/ui_orthogon_black_0.7.png","Lwg/UI/ui_orthogon_orange.png"],"loadList3D":[]}