{"type":"View","props":{"width":1280,"height":720},"compId":2,"child":[{"type":"Image","props":{"y":0,"x":0,"width":1280,"top":0,"skin":"Lwg/UI/ui_orthogon_grass.png","right":0,"left":0,"height":720,"bottom":0},"compId":7},{"type":"Image","props":{"width":414,"var":"BtnStart","skin":"Lwg/UI/ui_l_orthogon_green.png","sizeGrid":"12,13,23,16","pivotY":89,"pivotX":207,"name":"BtnStart","height":178,"centerY":0,"centerX":0},"compId":4,"child":[{"type":"Label","props":{"width":301,"valign":"middle","text":"开始游戏","height":97,"fontSize":50,"centerY":0,"centerX":0,"bold":true,"align":"center"},"compId":5}]}],"loadList":["Lwg/UI/ui_orthogon_grass.png","Lwg/UI/ui_l_orthogon_green.png"],"loadList3D":[]}