{"type":"Scene","props":{"width":1280,"height":720},"compId":2,"child":[{"type":"Image","props":{"width":1280,"top":0,"skin":"Lwg/UI/ui_orthogon_grass.png","right":0,"left":0,"height":720,"bottom":0},"compId":7},{"type":"Image","props":{"y":60,"x":1198,"width":132,"var":"BtnNext","skin":"Lwg/UI/ui_l_orthogon_orange.png","sizeGrid":"13,13,22,6","pivotY":38,"pivotX":66,"name":"BtnNext","height":76},"compId":3,"child":[{"type":"Label","props":{"width":118,"valign":"middle","text":"下一步","height":52,"fontSize":35,"centerY":0,"centerX":0,"bold":true,"align":"center"},"compId":4}]},{"type":"Image","props":{"y":39,"x":225,"width":878,"var":"Root","name":"NoAniRoot","height":655},"compId":8,"child":[{"type":"Image","props":{"y":62,"x":143,"var":"Ultimately","skin":"Game/UI/MakeClothes/ultimately.png","name":"Ultimately"},"compId":9},{"type":"Image","props":{"y":73,"x":444,"width":167,"skin":"Game/UI/MakeClothes/tailor2.png","pivotY":42,"pivotX":84,"name":"Cloth1","height":83},"compId":26},{"type":"Image","props":{"y":139,"x":403.5,"width":81,"skin":"Game/UI/MakeClothes/tailor3.png","name":"Cloth2","height":41},"compId":29},{"type":"Image","props":{"y":202,"x":83,"width":138,"skin":"Game/UI/MakeClothes/tailor5.png","name":"Cloth3","height":142},"compId":24},{"type":"Image","props":{"y":200,"x":660,"skin":"Game/UI/MakeClothes/tailor4.png","name":"Cloth4"},"compId":25},{"type":"Image","props":{"y":234,"x":276,"width":33,"skin":"Game/UI/MakeClothes/tailor7.png","name":"Cloth5","height":265},"compId":28},{"type":"Image","props":{"y":230,"x":574,"skin":"Game/UI/MakeClothes/tailor6.png","name":"Cloth6"},"compId":27},{"type":"Image","props":{"y":516,"x":269,"var":"Cloth7","skin":"Game/UI/MakeClothes/tailor1.png","name":"Cloth7"},"compId":10},{"type":"Image","props":{"y":32,"width":793,"var":"LineParent","name":"LineParent","height":591,"centerX":0},"compId":23,"child":[{"type":"Image","props":{"y":25,"x":317,"var":"Line1","skin":"Game/UI/MakeClothes/dottedline2.png","name":"Line1"},"compId":17,"child":[{"type":"Script","props":{"type":"static","gravityScale":0,"bullet":true,"allowSleep":false,"allowRotation":true,"runtime":"Laya.RigidBody"},"compId":43},{"type":"Script","props":{"y":0,"x":-2,"width":10,"name":"","height":8,"runtime":"Laya.BoxCollider"},"compId":356},{"type":"Script","props":{"y":9,"x":-1,"width":10,"name":"","height":8,"runtime":"Laya.BoxCollider"},"compId":357},{"type":"Script","props":{"y":18,"x":2,"width":10,"name":"","height":8,"runtime":"Laya.BoxCollider"},"compId":358},{"type":"Script","props":{"y":27,"x":6,"width":10,"name":"","height":8,"runtime":"Laya.BoxCollider"},"compId":359},{"type":"Script","props":{"y":34,"x":12,"width":10,"name":"","height":8,"runtime":"Laya.BoxCollider"},"compId":360},{"type":"Script","props":{"y":41,"x":22,"width":10,"name":"","height":8,"runtime":"Laya.BoxCollider"},"compId":361},{"type":"Script","props":{"y":48,"x":32,"width":10,"name":"","height":8,"runtime":"Laya.BoxCollider"},"compId":362},{"type":"Script","props":{"y":51,"x":44,"width":10,"name":"","height":8,"runtime":"Laya.BoxCollider"},"compId":363},{"type":"Script","props":{"y":54,"x":54,"width":10,"name":"","height":8,"runtime":"Laya.BoxCollider"},"compId":364},{"type":"Script","props":{"y":55,"x":66,"width":10,"name":"","height":8,"runtime":"Laya.BoxCollider"},"compId":365},{"type":"Script","props":{"y":56,"x":76,"width":10,"name":"","height":8,"runtime":"Laya.BoxCollider"},"compId":366},{"type":"Script","props":{"y":55,"x":85,"width":10,"name":"","height":8,"runtime":"Laya.BoxCollider"},"compId":367},{"type":"Script","props":{"y":54,"x":95,"width":10,"name":"","height":8,"runtime":"Laya.BoxCollider"},"compId":369},{"type":"Script","props":{"y":53,"x":105,"width":10,"name":"","height":8,"runtime":"Laya.BoxCollider"},"compId":370},{"type":"Script","props":{"y":49,"x":116,"width":10,"name":"","height":8,"runtime":"Laya.BoxCollider"},"compId":371},{"type":"Script","props":{"y":45,"x":126,"width":10,"name":"","height":8,"runtime":"Laya.BoxCollider"},"compId":372},{"type":"Script","props":{"y":39,"x":136,"width":10,"name":"","height":8,"runtime":"Laya.BoxCollider"},"compId":374},{"type":"Script","props":{"y":33,"x":143,"width":10,"name":"","height":8,"runtime":"Laya.BoxCollider"},"compId":375},{"type":"Script","props":{"y":26,"x":151,"width":10,"name":"","height":8,"runtime":"Laya.BoxCollider"},"compId":376},{"type":"Script","props":{"y":18,"x":156,"width":10,"name":"","height":8,"runtime":"Laya.BoxCollider"},"compId":377},{"type":"Script","props":{"y":8,"x":159,"width":10,"name":"","height":8,"runtime":"Laya.BoxCollider"},"compId":378},{"type":"Script","props":{"y":0,"x":161,"width":10,"name":"","height":8,"runtime":"Laya.BoxCollider"},"compId":379}]},{"type":"Image","props":{"y":104,"x":352,"var":"Line2","skin":"Game/UI/MakeClothes/dottedline3.png","name":"Line2"},"compId":14,"child":[{"type":"Script","props":{"type":"static","label":"Line2","allowSleep":true,"runtime":"Laya.RigidBody"},"compId":63},{"type":"Script","props":{"y":-2,"x":-2,"width":10,"name":"","height":8,"runtime":"Laya.BoxCollider"},"compId":312},{"type":"Script","props":{"y":-2,"x":10,"width":10,"name":"","height":8,"runtime":"Laya.BoxCollider"},"compId":313},{"type":"Script","props":{"y":-2,"x":21,"width":10,"name":"","height":8,"runtime":"Laya.BoxCollider"},"compId":314},{"type":"Script","props":{"y":-2,"x":33,"width":10,"name":"","height":8,"runtime":"Laya.BoxCollider"},"compId":315},{"type":"Script","props":{"y":-2,"x":45,"width":10,"name":"","height":8,"runtime":"Laya.BoxCollider"},"compId":316},{"type":"Script","props":{"y":-2,"x":56,"width":10,"name":"","height":8,"runtime":"Laya.BoxCollider"},"compId":317},{"type":"Script","props":{"y":-2,"x":67,"width":10,"name":"","height":8,"runtime":"Laya.BoxCollider"},"compId":318},{"type":"Script","props":{"y":-2,"x":78,"width":10,"name":"","height":8,"runtime":"Laya.BoxCollider"},"compId":319},{"type":"Script","props":{"y":-2,"x":90,"width":10,"name":"","height":8,"runtime":"Laya.BoxCollider"},"compId":320},{"type":"Script","props":{"y":6,"x":84,"width":8,"name":"","height":8,"runtime":"Laya.BoxCollider"},"compId":321},{"type":"Script","props":{"y":11,"x":76,"width":8,"name":"","height":8,"runtime":"Laya.BoxCollider"},"compId":322},{"type":"Script","props":{"y":17,"x":70,"width":8,"name":"","height":8,"runtime":"Laya.BoxCollider"},"compId":323},{"type":"Script","props":{"y":23,"x":65,"width":8,"name":"","height":8,"runtime":"Laya.BoxCollider"},"compId":324},{"type":"Script","props":{"y":28,"x":60,"width":8,"name":"","height":8,"runtime":"Laya.BoxCollider"},"compId":325},{"type":"Script","props":{"y":34,"x":56,"width":8,"name":"","height":8,"runtime":"Laya.BoxCollider"},"compId":326},{"type":"Script","props":{"y":38,"x":40,"width":8,"name":"","height":8,"runtime":"Laya.BoxCollider"},"compId":327},{"type":"Script","props":{"y":30,"x":33,"width":8,"name":"","height":8,"runtime":"Laya.BoxCollider"},"compId":328},{"type":"Script","props":{"y":23,"x":26,"width":8,"name":"","height":8,"runtime":"Laya.BoxCollider"},"compId":330},{"type":"Script","props":{"y":15,"x":18,"width":8,"name":"","height":8,"runtime":"Laya.BoxCollider"},"compId":331},{"type":"Script","props":{"y":10,"x":12,"width":8,"name":"","height":8,"runtime":"Laya.BoxCollider"},"compId":332},{"type":"Script","props":{"y":3,"x":5,"width":8,"name":"","height":8,"runtime":"Laya.BoxCollider"},"compId":333},{"type":"Script","props":{"y":46,"x":45,"width":8,"name":"","height":8,"runtime":"Laya.BoxCollider"},"compId":334},{"type":"Script","props":{"y":41,"x":51,"width":8,"name":"","height":8,"runtime":"Laya.BoxCollider"},"compId":335}]},{"type":"Image","props":{"y":167,"x":97,"width":85,"var":"Line3","skin":"Game/UI/MakeClothes/dottedline5.png","name":"Line3","height":94},"compId":16,"child":[{"type":"Script","props":{"type":"static","bullet":true,"allowSleep":true,"runtime":"Laya.RigidBody"},"compId":111},{"type":"Script","props":{"y":-1,"x":-1,"width":10,"name":"","height":8,"runtime":"Laya.BoxCollider"},"compId":284},{"type":"Script","props":{"y":5,"x":4,"width":10,"name":"","height":8,"runtime":"Laya.BoxCollider"},"compId":285},{"type":"Script","props":{"y":21,"x":17,"width":10,"name":"","height":8,"runtime":"Laya.BoxCollider"},"compId":287},{"type":"Script","props":{"y":27,"x":23,"width":10,"name":"","height":8,"runtime":"Laya.BoxCollider"},"compId":288},{"type":"Script","props":{"y":33,"x":29,"width":10,"name":"","height":8,"runtime":"Laya.BoxCollider"},"compId":289},{"type":"Script","props":{"y":41,"x":35,"width":10,"name":"","height":8,"runtime":"Laya.BoxCollider"},"compId":290},{"type":"Script","props":{"y":48,"x":42,"width":10,"name":"","height":8,"runtime":"Laya.BoxCollider"},"compId":291},{"type":"Script","props":{"y":56,"x":49,"width":10,"name":"","height":8,"runtime":"Laya.BoxCollider"},"compId":292},{"type":"Script","props":{"y":65,"x":57,"width":10,"name":"","height":8,"runtime":"Laya.BoxCollider"},"compId":293},{"type":"Script","props":{"y":73,"x":66,"width":10,"name":"","height":8,"runtime":"Laya.BoxCollider"},"compId":294},{"type":"Script","props":{"y":81,"x":72,"width":10,"name":"","height":8,"runtime":"Laya.BoxCollider"},"compId":295}]},{"type":"Image","props":{"y":166,"x":616,"var":"Line4","skin":"Game/UI/MakeClothes/dottedline4.png","name":"Line4"},"compId":15,"child":[{"type":"Script","props":{"y":0,"x":0,"type":"static","bullet":true,"allowSleep":true,"runtime":"Laya.RigidBody"},"compId":153},{"type":"Script","props":{"y":-2,"x":81,"width":10,"name":"","height":8,"runtime":"Laya.BoxCollider"},"compId":297},{"type":"Script","props":{"y":4,"x":74,"width":10,"name":"","height":8,"runtime":"Laya.BoxCollider"},"compId":298},{"type":"Script","props":{"y":11,"x":67,"width":10,"name":"","height":8,"runtime":"Laya.BoxCollider"},"compId":299},{"type":"Script","props":{"y":18,"x":60,"width":10,"name":"","height":8,"runtime":"Laya.BoxCollider"},"compId":300},{"type":"Script","props":{"y":25,"x":53,"width":10,"name":"","height":8,"runtime":"Laya.BoxCollider"},"compId":301},{"type":"Script","props":{"y":32,"x":47,"width":10,"name":"","height":8,"runtime":"Laya.BoxCollider"},"compId":302},{"type":"Script","props":{"y":39,"x":41,"width":10,"name":"","height":8,"runtime":"Laya.BoxCollider"},"compId":303},{"type":"Script","props":{"y":45,"x":36,"width":10,"name":"","height":8,"runtime":"Laya.BoxCollider"},"compId":304},{"type":"Script","props":{"y":51,"x":30,"width":10,"name":"","height":8,"runtime":"Laya.BoxCollider"},"compId":305},{"type":"Script","props":{"y":57,"x":25,"width":10,"name":"","height":8,"runtime":"Laya.BoxCollider"},"compId":306},{"type":"Script","props":{"y":63,"x":18,"width":10,"name":"","height":8,"runtime":"Laya.BoxCollider"},"compId":307},{"type":"Script","props":{"y":69,"x":13,"width":10,"name":"","height":8,"runtime":"Laya.BoxCollider"},"compId":308},{"type":"Script","props":{"y":75,"x":7,"width":10,"name":"","height":8,"runtime":"Laya.BoxCollider"},"compId":309},{"type":"Script","props":{"y":81,"x":2,"width":10,"name":"","height":8,"runtime":"Laya.BoxCollider"},"compId":310},{"type":"Script","props":{"y":86,"x":-5,"width":10,"name":"","height":8,"runtime":"Laya.BoxCollider"},"compId":311}]},{"type":"Image","props":{"y":197,"x":230,"var":"Line5","skin":"Game/UI/MakeClothes/dottedline7.png","name":"Line5"},"compId":20,"child":[{"type":"Script","props":{"y":0,"x":0,"type":"static","bullet":true,"allowSleep":true,"runtime":"Laya.RigidBody"},"compId":163},{"type":"Script","props":{"y":1,"x":18,"width":9,"name":"","height":15,"runtime":"Laya.BoxCollider"},"compId":266},{"type":"Script","props":{"y":17,"x":22,"width":9,"name":"","height":15,"runtime":"Laya.BoxCollider"},"compId":267},{"type":"Script","props":{"y":32,"x":26,"width":9,"name":"","height":15,"runtime":"Laya.BoxCollider"},"compId":268},{"type":"Script","props":{"y":48,"x":30,"width":9,"name":"","height":15,"runtime":"Laya.BoxCollider"},"compId":269},{"type":"Script","props":{"y":64,"x":33,"width":9,"name":"","height":15,"runtime":"Laya.BoxCollider"},"compId":270},{"type":"Script","props":{"y":82,"x":34,"width":9,"name":"","height":15,"runtime":"Laya.BoxCollider"},"compId":271},{"type":"Script","props":{"y":98,"x":34,"width":9,"name":"","height":15,"runtime":"Laya.BoxCollider"},"compId":272},{"type":"Script","props":{"y":114,"x":34,"width":9,"name":"","height":15,"runtime":"Laya.BoxCollider"},"compId":273},{"type":"Script","props":{"y":132,"x":33,"width":9,"name":"","height":15,"runtime":"Laya.BoxCollider"},"compId":274},{"type":"Script","props":{"y":150,"x":30,"width":9,"name":"","height":15,"runtime":"Laya.BoxCollider"},"compId":275},{"type":"Script","props":{"y":167,"x":27,"width":9,"name":"","height":15,"runtime":"Laya.BoxCollider"},"compId":276},{"type":"Script","props":{"y":185,"x":24,"width":9,"name":"","height":15,"runtime":"Laya.BoxCollider"},"compId":277},{"type":"Script","props":{"y":202,"x":19.5,"width":9,"name":"","height":15,"runtime":"Laya.BoxCollider"},"compId":278},{"type":"Script","props":{"y":220,"x":15.5,"width":9,"name":"","height":15,"runtime":"Laya.BoxCollider"},"compId":279},{"type":"Script","props":{"y":240,"x":10,"width":9,"name":"","height":15,"runtime":"Laya.BoxCollider"},"compId":280},{"type":"Script","props":{"y":258,"x":4,"width":9,"name":"","height":15,"runtime":"Laya.BoxCollider"},"compId":281},{"type":"Script","props":{"y":272,"x":-3,"width":9,"name":"","height":15,"runtime":"Laya.BoxCollider"},"compId":282}]},{"type":"Image","props":{"y":198,"x":527,"var":"Line6","skin":"Game/UI/MakeClothes/dottedline6.png","name":"Line6"},"compId":19,"child":[{"type":"Script","props":{"y":0,"x":0,"type":"static","bullet":true,"allowSleep":true,"runtime":"Laya.RigidBody"},"compId":184},{"type":"Script","props":{"y":-1,"x":12,"width":9,"name":"","height":15,"runtime":"Laya.BoxCollider"},"compId":336},{"type":"Script","props":{"y":12,"x":9,"width":9,"name":"","height":15,"runtime":"Laya.BoxCollider"},"compId":337},{"type":"Script","props":{"y":24,"x":7,"width":9,"name":"","height":15,"runtime":"Laya.BoxCollider"},"compId":338},{"type":"Script","props":{"y":36,"x":4,"width":9,"name":"","height":15,"runtime":"Laya.BoxCollider"},"compId":339},{"type":"Script","props":{"y":51,"x":2,"width":9,"name":"","height":15,"runtime":"Laya.BoxCollider"},"compId":340},{"type":"Script","props":{"y":65,"x":1,"width":9,"name":"","height":15,"runtime":"Laya.BoxCollider"},"compId":341},{"type":"Script","props":{"y":79,"x":0,"width":9,"name":"","height":15,"runtime":"Laya.BoxCollider"},"compId":342},{"type":"Script","props":{"y":93,"x":0,"width":9,"name":"","height":15,"runtime":"Laya.BoxCollider"},"compId":343},{"type":"Script","props":{"y":105,"x":-1,"width":9,"name":"","height":15,"runtime":"Laya.BoxCollider"},"compId":344},{"type":"Script","props":{"y":121,"x":0,"width":9,"name":"","height":15,"runtime":"Laya.BoxCollider"},"compId":345},{"type":"Script","props":{"y":136,"x":1,"width":9,"name":"","height":15,"runtime":"Laya.BoxCollider"},"compId":346},{"type":"Script","props":{"y":152,"x":3,"width":9,"name":"","height":15,"runtime":"Laya.BoxCollider"},"compId":347},{"type":"Script","props":{"y":166,"x":7,"width":9,"name":"","height":15,"runtime":"Laya.BoxCollider"},"compId":348},{"type":"Script","props":{"y":180,"x":11,"width":9,"name":"","height":15,"runtime":"Laya.BoxCollider"},"compId":349},{"type":"Script","props":{"y":196,"x":15,"width":9,"name":"","height":15,"runtime":"Laya.BoxCollider"},"compId":350},{"type":"Script","props":{"y":209,"x":18,"width":9,"name":"","height":15,"runtime":"Laya.BoxCollider"},"compId":351},{"type":"Script","props":{"y":223,"x":22,"width":9,"name":"","height":15,"runtime":"Laya.BoxCollider"},"compId":352},{"type":"Script","props":{"y":237,"x":26,"width":9,"name":"","height":15,"runtime":"Laya.BoxCollider"},"compId":353},{"type":"Script","props":{"y":253,"x":31,"width":9,"name":"","height":15,"runtime":"Laya.BoxCollider"},"compId":354},{"type":"Script","props":{"y":267,"x":36,"width":9,"name":"","height":15,"runtime":"Laya.BoxCollider"},"compId":355}]},{"type":"Image","props":{"y":479,"x":231,"var":"Line7","skin":"Game/UI/MakeClothes/dottedline1.png","name":"Line7"},"compId":207,"child":[{"type":"Script","props":{"y":0,"x":0,"type":"static","bullet":true,"allowSleep":true,"runtime":"Laya.RigidBody"},"compId":209},{"type":"Script","props":{"y":-1,"x":0,"width":15,"name":"","height":9,"runtime":"Laya.BoxCollider"},"compId":246},{"type":"Script","props":{"y":-1,"x":19,"width":15,"height":9,"runtime":"Laya.BoxCollider"},"compId":247},{"type":"Script","props":{"y":-1,"x":39,"width":15,"name":"","height":9,"runtime":"Laya.BoxCollider"},"compId":249},{"type":"Script","props":{"y":-1,"x":56,"width":15,"name":"","height":9,"runtime":"Laya.BoxCollider"},"compId":250},{"type":"Script","props":{"y":-1,"x":76,"width":15,"name":"","height":9,"runtime":"Laya.BoxCollider"},"compId":251},{"type":"Script","props":{"y":-1,"x":95,"width":15,"name":"","height":9,"runtime":"Laya.BoxCollider"},"compId":252},{"type":"Script","props":{"y":-1,"x":114,"width":15,"name":"","height":9,"runtime":"Laya.BoxCollider"},"compId":253},{"type":"Script","props":{"y":-1,"x":132,"width":15,"name":"","height":9,"runtime":"Laya.BoxCollider"},"compId":254},{"type":"Script","props":{"y":-1,"x":152,"width":15,"name":"","height":9,"runtime":"Laya.BoxCollider"},"compId":255},{"type":"Script","props":{"y":-1,"x":170,"width":15,"name":"","height":9,"runtime":"Laya.BoxCollider"},"compId":256},{"type":"Script","props":{"y":-1,"x":189,"width":15,"name":"","height":9,"runtime":"Laya.BoxCollider"},"compId":257},{"type":"Script","props":{"y":-1,"x":206,"width":15,"name":"","height":9,"runtime":"Laya.BoxCollider"},"compId":258},{"type":"Script","props":{"y":-1,"x":224,"width":15,"name":"","height":9,"runtime":"Laya.BoxCollider"},"compId":259},{"type":"Script","props":{"y":-1,"x":241,"width":15,"name":"","height":9,"runtime":"Laya.BoxCollider"},"compId":260},{"type":"Script","props":{"y":-1,"x":258,"width":15,"name":"","height":9,"runtime":"Laya.BoxCollider"},"compId":261},{"type":"Script","props":{"y":-1,"x":276,"width":15,"name":"","height":9,"runtime":"Laya.BoxCollider"},"compId":262},{"type":"Script","props":{"y":-1,"x":294,"width":15,"name":"","height":9,"runtime":"Laya.BoxCollider"},"compId":263},{"type":"Script","props":{"y":-1,"x":312,"width":15,"name":"","height":9,"runtime":"Laya.BoxCollider"},"compId":264},{"type":"Script","props":{"y":-1,"x":329,"width":15,"name":"","height":9,"runtime":"Laya.BoxCollider"},"compId":265}]}]}]},{"type":"Image","props":{"y":537,"x":986,"width":126,"var":"Scissor","pivotY":48,"pivotX":49,"name":"Scissor","height":124},"compId":30,"child":[{"type":"Image","props":{"y":56,"x":65,"width":64,"skin":"Game/UI/MakeClothes/scissors_01.png","scaleY":0.45,"scaleX":0.45,"rotation":-66,"pivotY":134,"pivotX":32,"name":"","height":268},"compId":31},{"type":"Image","props":{"y":69,"x":66,"width":62,"skin":"Game/UI/MakeClothes/scissors_02.png","scaleY":0.45,"scaleX":0.45,"rotation":-23,"pivotY":156,"pivotX":47,"name":"","height":269},"compId":32},{"type":"Script","props":{"y":30,"x":30,"radius":20,"label":"scissor","isSensor":true,"runtime":"Laya.CircleCollider"},"compId":40},{"type":"Script","props":{"gravityScale":0,"bullet":true,"allowSleep":false,"runtime":"Laya.RigidBody"},"compId":41}]}],"animations":[{"nodes":[{"target":29,"keyframes":{"y":[{"value":139,"tweenMethod":"linearNone","tween":true,"target":29,"key":"y","index":0},{"value":-105,"tweenMethod":"linearNone","tween":true,"target":29,"key":"y","index":30}],"x":[{"value":403.5,"tweenMethod":"linearNone","tween":true,"target":29,"key":"x","index":0},{"value":770,"tweenMethod":"linearNone","tween":true,"target":29,"key":"x","index":30}],"rotation":[{"value":0,"tweenMethod":"linearNone","tween":true,"target":29,"key":"rotation","index":0},{"value":360,"tweenMethod":"linearNone","tween":true,"target":29,"key":"rotation","index":30}]}}],"name":"ani2","id":2,"frameRate":60,"action":0},{"nodes":[{"target":24,"keyframes":{"y":[{"value":202,"tweenMethod":"linearNone","tween":true,"target":24,"key":"y","index":0},{"value":224.5,"tweenMethod":"linearNone","tween":true,"target":24,"key":"y","index":40}],"x":[{"value":83,"tweenMethod":"linearNone","tween":true,"target":24,"key":"x","index":0},{"value":-707,"tweenMethod":"linearNone","tween":true,"target":24,"key":"x","index":40}],"rotation":[{"value":0,"tweenMethod":"linearNone","tween":true,"target":24,"key":"rotation","index":0},{"value":360,"tweenMethod":"linearNone","tween":true,"target":24,"key":"rotation","index":40}]}}],"name":"ani3","id":3,"frameRate":60,"action":0},{"nodes":[{"target":25,"keyframes":{"y":[{"value":200,"tweenMethod":"linearNone","tween":true,"target":25,"key":"y","index":0},{"value":361,"tweenMethod":"linearNone","tween":true,"target":25,"key":"y","index":40}],"x":[{"value":660,"tweenMethod":"linearNone","tween":true,"target":25,"key":"x","index":0},{"value":1101,"tweenMethod":"linearNone","tween":true,"target":25,"key":"x","index":40}]}}],"name":"ani4","id":4,"frameRate":60,"action":0},{"nodes":[{"target":28,"keyframes":{"y":[{"value":234,"tweenMethod":"linearNone","tween":true,"target":28,"key":"y","index":0},{"value":305,"tweenMethod":"linearNone","tween":true,"target":28,"key":"y","index":40}],"x":[{"value":276,"tweenMethod":"linearNone","tween":true,"target":28,"key":"x","index":0},{"value":-333,"tweenMethod":"linearNone","tween":true,"target":28,"key":"x","index":40}],"rotation":[{"value":0,"tweenMethod":"linearNone","tween":true,"target":28,"key":"rotation","index":0},{"value":72,"tweenMethod":"linearNone","tween":true,"target":28,"key":"rotation","index":40}]}}],"name":"ani5","id":5,"frameRate":60,"action":0},{"nodes":[{"target":27,"keyframes":{"y":[{"value":230,"tweenMethod":"linearNone","tween":true,"target":27,"key":"y","index":0},{"value":655,"tweenMethod":"linearNone","tween":true,"target":27,"key":"y","index":40}],"x":[{"value":574,"tweenMethod":"linearNone","tween":true,"target":27,"key":"x","index":0},{"value":1332,"tweenMethod":"linearNone","tween":true,"target":27,"key":"x","index":40}]}}],"name":"ani6","id":6,"frameRate":60,"action":0},{"nodes":[{"target":10,"keyframes":{"y":[{"value":516,"tweenMethod":"linearNone","tween":true,"target":10,"key":"y","index":0},{"value":1210,"tweenMethod":"linearNone","tween":true,"target":10,"key":"y","index":40}],"x":[{"value":269,"tweenMethod":"linearNone","tween":true,"target":10,"key":"x","index":0},{"value":261,"tweenMethod":"linearNone","tween":true,"target":10,"key":"x","index":40}]}}],"name":"ani7","id":7,"frameRate":60,"action":0},{"nodes":[{"target":26,"keyframes":{"y":[{"value":73,"tweenMethod":"linearNone","tween":true,"target":26,"key":"y","index":0},{"value":-317,"tweenMethod":"linearNone","tween":true,"target":26,"key":"y","index":30}],"x":[{"value":444,"tweenMethod":"linearNone","tween":true,"target":26,"key":"x","index":0},{"value":439,"tweenMethod":"linearNone","tween":true,"target":26,"key":"x","index":30}],"rotation":[{"value":0,"tweenMethod":"linearNone","tween":true,"target":26,"key":"rotation","index":0},{"value":90,"tweenMethod":"linearNone","tween":true,"target":26,"key":"rotation","index":30}]}},{"target":287,"keyframes":{"y":[{"value":21,"tweenMethod":"linearNone","tween":true,"target":287,"key":"y","index":0},{"value":20,"tweenMethod":"linearNone","tween":true,"target":287,"key":"y","index":30}],"x":[{"value":17,"tweenMethod":"linearNone","tween":true,"target":287,"key":"x","index":0},{"value":16,"tweenMethod":"linearNone","tween":true,"target":287,"key":"x","index":30}]}},{"target":285,"keyframes":{"y":[{"value":5,"tweenMethod":"linearNone","tween":true,"target":285,"key":"y","index":0},{"value":9,"tweenMethod":"linearNone","tween":true,"target":285,"key":"y","index":30}],"x":[{"value":4,"tweenMethod":"linearNone","tween":true,"target":285,"key":"x","index":0},{"value":7,"tweenMethod":"linearNone","tween":true,"target":285,"key":"x","index":30}]}},{"target":288,"keyframes":{"y":[{"value":27,"tweenMethod":"linearNone","tween":true,"target":288,"key":"y","index":0},{"value":27,"tweenMethod":"linearNone","tween":true,"target":288,"key":"y","index":30}],"x":[{"value":23,"tweenMethod":"linearNone","tween":true,"target":288,"key":"x","index":0},{"value":23,"tweenMethod":"linearNone","tween":true,"target":288,"key":"x","index":30}]}},{"target":289,"keyframes":{"y":[{"value":33,"tweenMethod":"linearNone","tween":true,"target":289,"key":"y","index":0},{"value":35,"tweenMethod":"linearNone","tween":true,"target":289,"key":"y","index":30}],"x":[{"value":29,"tweenMethod":"linearNone","tween":true,"target":289,"key":"x","index":0},{"value":30,"tweenMethod":"linearNone","tween":true,"target":289,"key":"x","index":30}]}},{"target":295,"keyframes":{"y":[{"value":81,"tweenMethod":"linearNone","tween":true,"target":295,"key":"y","index":0},{"value":87,"tweenMethod":"linearNone","tween":true,"target":295,"key":"y","index":30}],"x":[{"value":72,"tweenMethod":"linearNone","tween":true,"target":295,"key":"x","index":0},{"value":75,"tweenMethod":"linearNone","tween":true,"target":295,"key":"x","index":30}]}},{"target":294,"keyframes":{"y":[{"value":73,"tweenMethod":"linearNone","tween":true,"target":294,"key":"y","index":0},{"value":78,"tweenMethod":"linearNone","tween":true,"target":294,"key":"y","index":30}],"x":[{"value":66,"tweenMethod":"linearNone","tween":true,"target":294,"key":"x","index":0},{"value":68,"tweenMethod":"linearNone","tween":true,"target":294,"key":"x","index":30}]}},{"target":293,"keyframes":{"y":[{"value":65,"tweenMethod":"linearNone","tween":true,"target":293,"key":"y","index":0},{"value":68,"tweenMethod":"linearNone","tween":true,"target":293,"key":"y","index":30}],"x":[{"value":57,"tweenMethod":"linearNone","tween":true,"target":293,"key":"x","index":0},{"value":61,"tweenMethod":"linearNone","tween":true,"target":293,"key":"x","index":30}]}},{"target":292,"keyframes":{"y":[{"value":56,"tweenMethod":"linearNone","tween":true,"target":292,"key":"y","index":0},{"value":59,"tweenMethod":"linearNone","tween":true,"target":292,"key":"y","index":30}],"x":[{"value":49,"tweenMethod":"linearNone","tween":true,"target":292,"key":"x","index":0},{"value":52,"tweenMethod":"linearNone","tween":true,"target":292,"key":"x","index":30}]}},{"target":291,"keyframes":{"y":[{"value":48,"tweenMethod":"linearNone","tween":true,"target":291,"key":"y","index":0},{"value":51,"tweenMethod":"linearNone","tween":true,"target":291,"key":"y","index":30}],"x":[{"value":42,"tweenMethod":"linearNone","tween":true,"target":291,"key":"x","index":0},{"value":45,"tweenMethod":"linearNone","tween":true,"target":291,"key":"x","index":30}]}},{"target":290,"keyframes":{"y":[{"value":41,"tweenMethod":"linearNone","tween":true,"target":290,"key":"y","index":0},{"value":43,"tweenMethod":"linearNone","tween":true,"target":290,"key":"y","index":30}],"x":[{"value":35,"tweenMethod":"linearNone","tween":true,"target":290,"key":"x","index":0},{"value":37,"tweenMethod":"linearNone","tween":true,"target":290,"key":"x","index":30}]}}],"name":"ani1","id":8,"frameRate":60,"action":0}],"loadList":["Lwg/UI/ui_orthogon_grass.png","Lwg/UI/ui_l_orthogon_orange.png","Game/UI/MakeClothes/ultimately.png","Game/UI/MakeClothes/tailor2.png","Game/UI/MakeClothes/tailor3.png","Game/UI/MakeClothes/tailor5.png","Game/UI/MakeClothes/tailor4.png","Game/UI/MakeClothes/tailor7.png","Game/UI/MakeClothes/tailor6.png","Game/UI/MakeClothes/tailor1.png","Game/UI/MakeClothes/dottedline2.png","Game/UI/MakeClothes/dottedline3.png","Game/UI/MakeClothes/dottedline5.png","Game/UI/MakeClothes/dottedline4.png","Game/UI/MakeClothes/dottedline7.png","Game/UI/MakeClothes/dottedline6.png","Game/UI/MakeClothes/dottedline1.png","Game/UI/MakeClothes/scissors_01.png","Game/UI/MakeClothes/scissors_02.png"],"loadList3D":[]}