{"res/atlas/comp.atlas":["comp/",["btn_close.png","button.png","check_circle.png","checkbox.png","clip_num.png","clip_tree_arrow.png","clip_tree_folder.png","combobox.png","fontClip.png","fontClip_num.png","hscroll$bar.png","hscroll$down.png","hscroll$up.png","hscroll.png","hslider$bar.png","hslider.png","html.png","image.png","img_bg.png","img_bg2.png","img_bg3.png","img_bg4.png","img_bg5.png","img_blank.png","label.png","progress$bar.png","progress.png","radio.png","radiogroup.png","tab.png","textarea.png","textinput.png","vscroll$bar.png","vscroll$down.png","vscroll$up.png","vscroll.png","vslider$bar.png","vslider.png"]],"res/atlas/Game/UI/Common.atlas":["Game/UI/Common/",["a.png","jb.png","kggsy.png","lan.png","y.png","y2.png","zan.png"]],"res/atlas/Game/UI/Compound.atlas":["Game/UI/Compound/",["an.png","bi1.png","bi2.png","gxhd.png","k.png","qd.png"]],"res/atlas/Game/UI/GameScene/design.atlas":["Game/UI/GameScene/design/",["Level10.png","Level11.png","Level12.png","Level4.jpg","level2.png","level3.png"]],"res/atlas/Game/UI/GameScene/Level1.atlas":["Game/UI/GameScene/Level1/",["lian.png","lianmask.png","tengman .png","tengman mask.png","yanjing.png","youyepian.png","youyepianmask.png","zui .png","zuimask.png","zuoyepian .png","zuoyepian mask.png"]],"res/atlas/Game/UI/GameScene/Level10.atlas":["Game/UI/GameScene/Level10/",["bizi.png","bizimask.png","erduo.png","erduomask.png","lian.png","lianmask.png","shoubi.png","shoubimask.png","tanghulu.png","tanghulumask.png","toufa.png","toufamask.png","tui.png","tuimask.png","yanjing.png","yanjingmask.png","yanjingmaskBoard.png","yifu.png","yifumask.png","zouwen.png","zouwenmask.png","zui.png","zuimask.png"]],"res/atlas/Game/UI/GameScene/Level11.atlas":["Game/UI/GameScene/Level11/",["bizi.png","bizimask.png","erduo.png","erduomask.png","faji.png","fajimask.png","kouzi.png","kouzimask.png","lian.png","lianmask.png","shoubi.png","shoubimask.png","toufa.png","toufamask.png","tui.png","tuimask.png","yanjing.png","yanjingmask.png","yifu.png","yifumask.png","zouwen.png","zouwenmask.png","zui.png","zuimask.png"]],"res/atlas/Game/UI/GameScene/Level12.atlas":["Game/UI/GameScene/Level12/",["bizi.png","bizimask.png","bozi .png","bozi mask.png","san.png","sanmask.png","tou.png","toumask.png","yanjing.png","yanjingmask.png","yanzhu.png","yifu.png","yifumask.png","zui.png","zuimask.png"]],"res/atlas/Game/UI/GameScene/Level2.atlas":["Game/UI/GameScene/Level2/",["guiixan4.png","guike.png","guikemask.png","guitou.png","guitoumask.png","guixian.png","guixian2.png","guixian2mask.png","guixian3.png","guixian3mask.png","guixian4mask.png","guixianmask.png","houtui.png","houtui2.png","houtui2mask.png","houtuimask.png","qiantui.png","qiantui2.png","qiantui2mask.png","qiantuimask.png","wei.png","weimask.png","yan.png","yan2.png","zui.png","zuimask.png"]],"res/atlas/Game/UI/GameScene/Level3.atlas":["Game/UI/GameScene/Level3/",["bizi.png","bizimask.png","hudiejie.png","hudiejiemask.png","lian.png","lianmask.png","shenti.png","shenzimask.png","weiba.png","weibamask.png","yan.png","yan2.png","youer.png","youermask.png","youjiao.png","youjiaomask.png","youshou.png","youshoumask.png","zui.png","zuimask.png","zuoer.png","zuoermask.png","zuojiao.png","zuojiaomask.png","zuoshou.png","zuoshoumask.png"]],"res/atlas/Game/UI/GameScene/Level4.atlas":["Game/UI/GameScene/Level4/",["fuqi.png","fuqimask.png","shenzi.png","shenzimask.png","yajnzhuzi.png","yiba.png","yibamask.png","yuqi.png","yuqimask.png","zui.png","zuimask.png"]],"res/atlas/Game/UI/GameScene/Level5.atlas":["Game/UI/GameScene/Level5/",["chechuang.png","chechuangmask.png","chelun.png","chelunmask.png","cheshen.png","cheshenmask.png"]],"res/atlas/Game/UI/GameScene/Level6.atlas":["Game/UI/GameScene/Level6/",["bikong.png","niu shenti .png","niu shenti mask.png","niuerduio.png","niuerduiomask.png","niujiao.png","niujiaomask.png","niulian .png","niulian mask.png","niunaizi.png","niunaizimask.png","niutui.png","niutuimask.png","niuyan .png","niuyiba.png","niuyibamask.png"]],"res/atlas/Game/UI/GameScene/Level7.atlas":["Game/UI/GameScene/Level7/",["nanguatou .png","nanguatou mask.png","yanjing .png","zuiba .png","zuiba mask.png"]],"res/atlas/Game/UI/GameScene/Level8.atlas":["Game/UI/GameScene/Level8/",["ahuzi .png","ahuzi mask.png","aixin.png","aixinmask.png","duzi.png","duzimask.png","erduo .png","erduo mask.png","lian.png","lianmask.png","xiaochibang.png","xiaochibangmask.png","yanjing.png","yanjingmask.png","zui.png","zuimask.png"]],"res/atlas/Game/UI/GameScene/Level9.atlas":["Game/UI/GameScene/Level9/",["lian.png","lianmask.png","shenzi.png","shenzimask.png","yanzhuzi .png","zui.png","zuimask.png"]],"res/atlas/Game/UI/GameScene/Pencils/Blink.atlas":["Game/UI/GameScene/Pencils/Blink/",["chengse.png","eraser.png","heise.png","hese.png","hongse.png","huangse.png","lanse.png","lvse.png","taohong.png","tianlan.png","zise.png"]],"res/atlas/Game/UI/GameScene/Pencils/ColoursPencils.atlas":["Game/UI/GameScene/Pencils/ColoursPencils/",["caise1.png","caise2.png","caise3.png","caise4.png","caise5.png","caise6.png","caise7.png"]],"res/atlas/Game/UI/GameScene/Pencils/Single.atlas":["Game/UI/GameScene/Pencils/Single/",["chengse.png","eraser.png","heise.png","hese.png","hongse.png","huangse.png","lanse.png","lvse.png","taohong.png","tianlan.png","zise.png"]],"res/atlas/Game/UI/GameScene.atlas":["Game/UI/GameScene/",["bishua1.png","bishua2.png","bishua3.png","bishua4.png","bishua5.png","bishua6.png","blink1.png","blink2.png","blink3.png","blink4.png","compelet.png","y.png","you.png","z.png","zuo.png"]],"res/atlas/Game/UI/MakeClothes.atlas":["Game/UI/MakeClothes/",["dottedline1.png","dottedline2.png","dottedline3.png","dottedline4.png","dottedline5.png","dottedline6.png","dottedline7.png","figure_01Btn.png","figure_02Btn.png","figure_03Btn.png","scissors_01.png","scissors_02.png","tailor1.png","tailor2.png","tailor3.png","tailor4.png","tailor5.png","tailor6.png","tailor7.png"]],"res/atlas/Game/UI/MakeUp.atlas":["Game/UI/MakeUp/",["detailnormal_003_n.png"]],"res/atlas/Game/UI/PreLoad.atlas":["Game/UI/PreLoad/",["baifenbi.png","bi.png","jdk.png","jindutiao.png","ty.png"]],"res/atlas/Game/UI/PropTry.atlas":["Game/UI/PropTry/",["an.png","c.png","djkb.png","kgg.png","kxy.png","pfsy.png","qd.png","sp.png","sxy.png"]],"res/atlas/Game/UI/SelectLevel/IconDress.atlas":["Game/UI/SelectLevel/IconDress/",["bi.png","bz.png","shu.png"]],"res/atlas/Game/UI/SelectLevel/Name.atlas":["Game/UI/SelectLevel/Name/",["dinglaotai.png","dinglaotou.png","haitun.png","maomaochong.png","maotouying.png","wanshengnangua.png","wugui.png","xiaohonghua.png","xiaohuamao.png","xiaonainiu.png","xiaoqiche.png","zhangyugege.png"]],"res/atlas/Game/UI/SelectLevel.atlas":["Game/UI/SelectLevel/",["an1.png","anb.png","dw.png","dwdi.png","dyxd.png","e.png","hf.png","hong.png","huang.png","icon_back.png","icon_can.png","jb.png","jiu.png","ks.png","qt.png","sp.png","suo.png","xianlu1.png","xianlu2.png","y.png","yuan.png","yuan1.png","zhiwu.png","zhiwudi.png"]],"res/atlas/Game/UI/Set.atlas":["Game/UI/Set/",["di1.png","di2.png","guan.png","kai.png","shehzi.png","yinxiao.png","yinyue.png","zhendong.png"]],"res/atlas/Game/UI/Settle.atlas":["Game/UI/Settle/",["an.png","an1.png","an2.png","an3.png","fx.png","g.png","jb.png","jx.png","s.png","sz.png","x.png","y.png"]],"res/atlas/Game/UI/Share.atlas":["Game/UI/Share/",["an.png","fx.png","jx.png","spfx.png","形状 19.png"]],"res/atlas/Game/UI/Special.atlas":["Game/UI/Special/",["an.png","an1.png","cj.png","h.png","jb.png","kr.png","sp.png","sz.png","tsmj.png","x.png"]],"res/atlas/Game/UI/Start.atlas":["Game/UI/Start/",["an.png","an1.png","cd.png","dh.png","gqan.png","hf.png","jb.png","ksyx.png","sz.png","xd.png"]],"res/atlas/Game/UI/Victory.atlas":["Game/UI/Victory/",["an.png","g.png","gxwc.png","ht.png","jb.png","jmjl.png","lt.png","pptt.png","s.png","sbml.png","spp.png","sz.png","tie.png","xyg.png"]],"res/atlas/Lwg/Effects.atlas":["Lwg/Effects/",["aixin1.png","aixin2.png","aixin3.png","cir_black.png","cir_blue.png","cir_bluish.png","cir_cyan.png","cir_grass.png","cir_green.png","cir_orange.png","cir_pink.png","cir_purple.png","cir_red.png","cir_white.png","cir_yellow.png","fangxingguang1.png","fangxingguang2.png","guangquan1.png","guangquan2.png","hua1.png","hua2.png","hua3.png","hua4.png","star1.png","star2.png","star3.png","star4.png","star5.png","star6.png","star7.png","star_black.png","star_blue.png","star_bluish.png","star_cyan.png","star_grass.png","star_green.png","star_orange.png","star_pink.png","star_purple.png","star_red.png","star_white.png","star_yellow.png","ui_Circular_l_blue.png","ui_Circular_l_cyan.png","ui_Circular_l_green.png","ui_Circular_l_orange.png","ui_Circular_l_pink.png","ui_Circular_l_red.png","ui_Circular_l_violet.png","ui_Circular_l_white.png","ui_Circular_l_yellow.png","ui_square_guang1.png","ui_square_guang2.png","xuehua1.png","yezi1.png","yuan1.png","yuanfaguang.png"]],"res/atlas/Lwg/UI.atlas":["Lwg/UI/",["icon_close.png","icon_cuspLpng.png","icon_cuspR.png","icon_execution.png","icon_gold.png","icon_hand.png","icon_set.png","reverseMask.png","ui_circle_001.png","ui_circle_002.png","ui_circle_003.png","ui_circle_004.png","ui_circle_005.png","ui_circle_006.png","ui_circle_007.png","ui_circle_008.png","ui_circle_009.png","ui_circle_010.png","ui_circle_011.png","ui_circle_012.png","ui_circle_c_001.png","ui_circle_c_002.png","ui_circle_c_003.png","ui_circle_c_004.png","ui_circle_c_005.png","ui_circle_c_006.png","ui_circle_c_007.png","ui_circle_c_008.png","ui_circle_c_009.png","ui_circle_c_010.png","ui_circle_c_011.png","ui_circle_c_012.png","ui_l_orthogon_blue.png","ui_l_orthogon_cycn.png","ui_l_orthogon_green.png","ui_l_orthogon_magenta.png","ui_l_orthogon_orange.png","ui_l_orthogon_purple.png","ui_l_orthogon_red.png","ui_l_orthogon_white.png","ui_l_orthogon_yellow.png","ui_orthogon_black.png","ui_orthogon_black_0.7.png","ui_orthogon_cycn.png","ui_orthogon_grass.png","ui_orthogon_green.png","ui_orthogon_magenta.png","ui_orthogon_orange.png","ui_orthogon_purple.png","ui_orthogon_red.png","ui_orthogon_white.png","ui_orthogon_yellow.png","ui_square_001.png","ui_square_002.png","ui_square_003.png","ui_square_004.png","ui_square_005.png","ui_square_006.png","ui_square_008.png","ui_square_010.png","ui_square_011.png","ui_square_012.png","ui_square_c_001.png","ui_square_c_002.png","ui_square_c_003.png","ui_square_c_004.png","ui_square_c_005.png","ui_square_c_006.png","ui_square_c_007.png","ui_square_c_008.png","ui_square_c_009.png","ui_square_c_010.png","ui_square_c_011.png","wireframeBlack1.png","wireframeBlack2.png"]]}